<?xml version="1.0" encoding="utf-8" standalone="no"?>
<module id="ef584cfe-2ae7-48e3-a93b-4b9c767a0381">
	<name>Guide to Neverwinter</name>
	<description>A guide for crafting adventures in the magical city of Neverwinter.</description>
	<slug>guide-to-neverwinter</slug>
	<author>Jacob Johnston</author>
	<code></code>
	<category>adventure</category>
	<image>Cover.jpg</image>
	<encounter id="9C178E39-F79C-445E-9A32-9A12B73D4935">
		<name>Storm Gyre Encounter</name>
		<slug>storm-gyre-encounter</slug>
		<combatant>
			<label>S1</label>
			<x>2648</x>
			<y>1351</y>
			<monster ref="/monster/storm-gyre" />
		</combatant>
	</encounter>
</module>