<?xml version="1.0" encoding="utf-8" standalone="no"?>
<module id="ef584cfe-2ae7-48e3-a93b-4b9c767a0381">
	<name>Guide to Neverwinter</name>
	<description>A guide for crafting adventures in the magical city of Neverwinter.</description>
	<slug>guide-to-neverwinter</slug>
	<author>Jacob Johnston</author>
	<code></code>
	<category>adventure</category>
	<image>Cover.jpg</image>
	<map id="15895a26-3054-51b9-9821-2cd1d9454ad7" parent="d5f6238d-0950-5037-947d-032660ed5a15" sort="2">
		<name>Beached Leviathan - Day</name>
		<slug>beached-leviathan---day</slug>
		<description></description>
		<gridSize>100</gridSize>
		<gridOffsetX>1</gridOffsetX>
		<gridOffsetY>67</gridOffsetY>
		<gridColor>#cccccc</gridColor>
		<gridVisible>NO</gridVisible>
		<gridScale>5.0</gridScale>
		<gridUnits>ft</gridUnits>
		<gridType>square</gridType>
		<gridStyle>solid</gridStyle>
		<gridOpacity>1.0</gridOpacity>
		<scale>1.0</scale>
		<fogOfWar>YES</fogOfWar>
		<fogExploration>YES</fogExploration>
		<lineOfSight>YES</lineOfSight>
		<losDaylight>0.9999999999999999</losDaylight>
		<losVisionLimit>-1</losVisionLimit>
		<dmDarkness>0.6</dmDarkness>
		<width>4380</width>
		<height>4800</height>
		<image>beached-leviathan-map_cLpPAB.jpg</image>
		<video></video>
		<canvas></canvas>
		<snapshot></snapshot>
		<fog></fog>
		<floor>beached-leviathan-map-floors_15895a.png</floor>
		<wall id="999C508C-7002-4219-A32E-D9ACA22BF0F3">
			<data>801.0,3867.0,801.0,4292.0,938.0,4293.0</data>
			<color>#ff7f00</color>
		</wall>
		<wall id="E44B6E79-A7EA-4FE3-B59E-15F50728AC3D">
			<data>2451.0,3492.0,2226.0,3492.0</data>
			<color>#ff7f00</color>
		</wall>
		<wall id="AB59B953-82F1-4496-9057-8C159B6F325D">
			<data>2151.0,3492.0,1926.0,3492.0</data>
			<color>#ff7f00</color>
		</wall>
		<wall id="AEDBAD4D-0A1B-430F-A900-4083947CD34B">
			<data>1851.0,3492.0,1626.0,3492.0</data>
			<color>#ff7f00</color>
		</wall>
		<wall id="07A2C59A-5804-452B-AAB3-744E4373ED81">
			<data>1551.0,3492.0,1326.0,3492.0</data>
			<color>#ff7f00</color>
		</wall>
		<wall id="E1809284-E156-4EFE-8567-BAB6F11D146F">
			<data>1251.0,3492.0,1026.0,3492.0</data>
			<color>#ff7f00</color>
		</wall>
		<wall id="85B67A9E-1921-4A71-BB1D-66E3E886D000">
			<data>926.0,3492.0,801.0,3492.0,801.0,3767.0</data>
			<color>#ff7f00</color>
		</wall>
		<wall id="422E17AE-1A11-465A-BC15-CDAAFB8BB8B7">
			<data>2531.0,4293.0,2751.0,4292.0,2901.0,4267.0,3026.0,4217.0,3149.0,4135.0,3226.0,4017.0,3259.0,3905.0,3201.0,3717.0,3051.0,3592.0,2876.0,3517.0,2701.0,3492.0,2526.0,3492.0</data>
			<color>#ff7f00</color>
		</wall>
		<wall id="2520CCF9-1702-468E-A948-0B00148D988F">
			<data>1026.0,4292.0,1237.0,4292.0</data>
			<color>#ff7f00</color>
		</wall>
		<wall id="B5E638CC-3A3B-4CF3-A910-AD707AF27BCF">
			<data>1326.0,4292.0,1532.0,4292.0</data>
			<color>#ff7f00</color>
		</wall>
		<wall id="8DCA010B-F8BA-4087-BD5A-21E43BE647F4">
			<data>1626.0,4292.0,1834.0,4292.0</data>
			<color>#ff7f00</color>
		</wall>
		<wall id="A2A7FA54-8DAB-49F6-9C8B-1A8B5D06C900">
			<data>1926.0,4292.0,2136.0,4292.0</data>
			<color>#ff7f00</color>
		</wall>
		<wall id="9DF580A1-7718-4EBD-84B0-8CD53E53A890">
			<data>2226.0,4292.0,2435.0,4293.0</data>
			<color>#ff7f00</color>
		</wall>
		<wall id="E1852631-5669-41D0-8F6D-C77C3B133405">
			<data>801.0,3767.0,801.0,3867.0</data>
			<color>#00ffff</color>
			<type>door</type>
		</wall>
		<wall id="3D219F92-AF74-405B-AB35-2C73D42B64B6">
			<data>926.0,3492.0,1026.0,3492.0</data>
			<color>#ff00ff</color>
			<type>invisible</type>
		</wall>
		<wall id="81661F66-E847-446E-B55C-7682B1486A86">
			<data>1251.0,3492.0,1326.0,3492.0</data>
			<color>#ff00ff</color>
			<type>invisible</type>
		</wall>
		<wall id="3B8D2B42-74A4-4791-ADA6-1B74B0732753">
			<data>1551.0,3492.0,1626.0,3492.0</data>
			<color>#ff00ff</color>
			<type>invisible</type>
		</wall>
		<wall id="1756534B-3F28-4529-840C-B15E233B39FA">
			<data>1851.0,3492.0,1926.0,3492.0</data>
			<color>#ff00ff</color>
			<type>invisible</type>
		</wall>
		<wall id="6F7E4BC9-3148-4E73-9DAA-B39D8032BEBC">
			<data>2151.0,3492.0,2226.0,3492.0</data>
			<color>#ff00ff</color>
			<type>invisible</type>
		</wall>
		<wall id="19404728-EB16-49F5-8AD2-76B51D3BE0A8">
			<data>2451.0,3492.0,2526.0,3492.0</data>
			<color>#ff00ff</color>
			<type>invisible</type>
		</wall>
		<wall id="585FE07B-EAF5-41EF-8EE0-B7B4F0EA7F67">
			<data>2531.0,4293.0,2435.0,4293.0</data>
			<color>#ff00ff</color>
			<type>invisible</type>
		</wall>
		<wall id="C2807396-BB7D-4292-961D-26B1682A00BE">
			<data>2226.0,4292.0,2136.0,4292.0</data>
			<color>#ff00ff</color>
			<type>invisible</type>
		</wall>
		<wall id="D3D22E48-E14A-4610-AA2C-F6C830702237">
			<data>1926.0,4292.0,1834.0,4292.0</data>
			<color>#ff00ff</color>
			<type>invisible</type>
		</wall>
		<wall id="87FFCDAA-A6DF-4E57-9866-F89CFE1AC67E">
			<data>1626.0,4292.0,1532.0,4292.0</data>
			<color>#ff00ff</color>
			<type>invisible</type>
		</wall>
		<wall id="7759740A-8187-4775-BEAC-FF45D1D7C48D">
			<data>1326.0,4292.0,1237.0,4292.0</data>
			<color>#ff00ff</color>
			<type>invisible</type>
		</wall>
		<wall id="06721DB0-5715-498E-866A-DF94AEE9C807">
			<data>1026.0,4292.0,938.0,4293.0</data>
			<color>#ff00ff</color>
			<type>invisible</type>
		</wall>
		<wall id="30BDB234-F464-4466-815E-220C2E6DCE31">
			<data>800.0,3886.0,968.0,3884.0</data>
			<color>#ff7f00</color>
		</wall>
		<wall id="E487E3FA-F564-47B0-BD90-E2D6BD54C932">
			<data>1048.0,3883.0,1371.0,3883.0</data>
			<color>#ff7f00</color>
		</wall>
		<wall id="BDC2CB9C-0502-4DAA-9386-003ED3CA1A21">
			<data>1451.0,3882.0,1479.0,3881.0,1482.0,4168.0</data>
			<color>#ff7f00</color>
		</wall>
		<wall id="C8DFE2A6-BFD9-4963-A14B-4691F28B0600">
			<data>1481.0,4293.0,1481.0,4250.0</data>
			<color>#ff7f00</color>
		</wall>
		<wall id="5B6F069E-2D21-48BB-8A39-9390C271AE4E">
			<data>1201.0,3882.0,1201.0,4017.0,1226.0,4017.0</data>
			<color>#ff7f00</color>
		</wall>
		<wall id="C5B726C1-CEC5-4640-803A-D683E11DE471">
			<data>1326.0,4017.0,1476.0,4017.0,1503.0,4017.0</data>
			<color>#ff7f00</color>
		</wall>
		<wall id="89976608-FFDC-4632-8334-9B978E2A4831">
			<data>1344.0,3884.0,1344.0,4018.0</data>
			<color>#ff7f00</color>
		</wall>
		<wall id="07908DDB-905E-4AFF-B95C-77E90E00E7A8">
			<data>1588.0,4020.0,1623.0,4020.0</data>
			<color>#ff7f00</color>
		</wall>
		<wall id="AFD01856-31F5-4D94-AF07-BD42B3BC0737">
			<data>1626.0,4053.0,1625.0,3975.0</data>
			<color>#ff7f00</color>
		</wall>
		<wall id="3DC21C08-49EC-45F5-8CE9-40A8C404A269">
			<data>968.0,3884.0,1048.0,3883.0</data>
			<color>#00ffff</color>
			<type>door</type>
		</wall>
		<wall id="CFA8A981-A352-4B2B-BD70-01F3103179B0">
			<data>1371.0,3883.0,1451.0,3882.0</data>
			<color>#00ffff</color>
			<type>door</type>
		</wall>
		<wall id="BA8ADE0C-C16A-4E8A-86E9-82956E60A5DC">
			<data>1326.0,4017.0,1226.0,4017.0</data>
			<color>#00ffff</color>
			<type>door</type>
		</wall>
		<wall id="F5295ABB-DA3F-4C88-A761-61708AAD690A">
			<data>1481.0,4250.0,1482.0,4168.0</data>
			<color>#00ffff</color>
			<type>door</type>
		</wall>
		<wall id="8F60CE77-D6F4-4CE4-B6DB-DD5D4978F64B">
			<data>1503.0,4017.0,1588.0,4020.0</data>
			<color>#00ffff</color>
			<type>door</type>
		</wall>
		<wall id="1E505309-CD52-4BB3-8096-6F6D50C40A08">
			<data>2153.0,3751.0,1882.0,3748.0,1883.0,4015.0,2147.0,4015.0,2145.0,3876.0</data>
			<color>#ff7f00</color>
		</wall>
		<wall id="2274CB23-59CC-4978-B95C-6256EAA24FC6">
			<data>2853.0,3885.0,2848.0,3902.0,2836.0,3914.0,2819.0,3919.0,2802.0,3914.0,2789.0,3902.0,2785.0,3885.0,2789.0,3868.0,2802.0,3855.0,2819.0,3851.0,2836.0,3855.0,2848.0,3868.0,2853.0,3885.0</data>
			<color>#ffff00</color>
			<type>terrain</type>
		</wall>
		<wall id="63D59DD9-544B-4E6C-B3EB-3C59DD8B571C">
			<data>946.0,1994.0,803.0,1994.0,807.0,2798.0,940.0,2799.0</data>
			<color>#ff7f00</color>
		</wall>
		<wall id="E0B67F0C-D072-46AC-9FAC-B7DE6F290D96">
			<data>1018.0,2805.0,1241.0,2803.0</data>
			<color>#ff7f00</color>
		</wall>
		<wall id="499E626B-D6BB-4BA6-B861-E6A710196044">
			<data>1318.0,2806.0,1544.0,2803.0</data>
			<color>#ff7f00</color>
		</wall>
		<wall id="2FAC3D47-63FC-4F5D-B5D5-C6EE3D0CDC05">
			<data>1618.0,2805.0,1843.0,2804.0</data>
			<color>#ff7f00</color>
		</wall>
		<wall id="58591DCF-34C7-4833-9443-F5D6C3BF9F1C">
			<data>1919.0,2805.0,1981.0,2804.0</data>
			<color>#ff7f00</color>
		</wall>
		<wall id="D07F33EE-7D78-445C-AF92-767283C9903F">
			<data>2061.0,2805.0,2139.0,2803.0</data>
			<color>#ff7f00</color>
		</wall>
		<wall id="C6FF0A21-DF93-4684-B834-D14E22A48957">
			<data>2215.0,2805.0,2443.0,2802.0</data>
			<color>#ff7f00</color>
		</wall>
		<wall id="6AD5E128-0C27-4E0E-8FA9-4D3988C46D9C">
			<data>2518.0,2803.0,2706.0,2803.0</data>
			<color>#ff7f00</color>
		</wall>
		<wall id="6C4A2E09-9BBA-4207-9405-501C7823393A">
			<data>2782.0,2794.0,2976.0,2753.0,3130.0,2694.0</data>
			<color>#ff7f00</color>
		</wall>
		<wall id="EF9346AD-3F88-440C-BCAC-6F1B04557FF3">
			<data>3197.0,2658.0,3322.0,2546.0,3370.0,2421.0,3321.0,2281.0,3199.0,2168.0</data>
			<color>#ff7f00</color>
		</wall>
		<wall id="1F9D9F93-0363-4ABB-A05A-CEEB8D145241">
			<data>3134.0,2132.0,2968.0,2050.0,2782.0,2004.0</data>
			<color>#ff7f00</color>
		</wall>
		<wall id="33D33703-8BCA-44E2-9832-13A15F2427FB">
			<data>2710.0,1998.0,2516.0,1994.0</data>
			<color>#ff7f00</color>
		</wall>
		<wall id="4169A781-C600-49EC-9F8A-8E87250B8ECB">
			<data>2444.0,1993.0,2218.0,1992.0</data>
			<color>#ff7f00</color>
		</wall>
		<wall id="645FE718-BA1A-4DE4-83D0-47CFEF25972D">
			<data>2146.0,1994.0,1919.0,1994.0</data>
			<color>#ff7f00</color>
		</wall>
		<wall id="173BD81C-CF3E-4D24-83AF-CD96AF4F34D3">
			<data>1845.0,1996.0,1589.0,1993.0</data>
			<color>#ff7f00</color>
		</wall>
		<wall id="18B33A26-A986-45FA-9C8B-9F97DDCD3FEF">
			<data>1520.0,1997.0,1318.0,1994.0</data>
			<color>#ff7f00</color>
		</wall>
		<wall id="9E2BD076-77F7-4C73-AB94-85064BC00CCB">
			<data>1247.0,1996.0,1017.0,1993.0</data>
			<color>#ff7f00</color>
		</wall>
		<wall id="9A4BE3C2-936A-4D32-8E53-65836961212D">
			<data>806.0,2402.0,1247.0,2399.0</data>
			<color>#ff7f00</color>
		</wall>
		<wall id="37E5CC30-F29A-4C48-B736-6E3E05EBCDD5">
			<data>1329.0,2402.0,1500.0,2401.0</data>
			<color>#ff7f00</color>
		</wall>
		<wall id="44B9FC1A-8B44-4A09-B644-02FA3C8047A3">
			<data>1341.0,2404.0,1336.0,1995.0</data>
			<color>#ff7f00</color>
		</wall>
		<wall id="91FEE00A-D8D1-4FF8-81D3-9F8CC1C41A4A">
			<data>1580.0,2403.0,1771.0,2403.0</data>
			<color>#ff7f00</color>
		</wall>
		<wall id="D9DDA922-E77A-4AC5-9F0C-F7353FAB4B3D">
			<data>1852.0,2401.0,1879.0,2401.0</data>
			<color>#ff7f00</color>
		</wall>
		<wall id="884A969F-BA21-4F77-AC34-F1664D3E0A28">
			<data>1201.0,2453.0,1200.0,2400.0</data>
			<color>#ff7f00</color>
		</wall>
		<wall id="D4D4FF5A-6AB8-486E-A4E9-00BC3B575FA2">
			<data>1202.0,2526.0,1201.0,2805.0</data>
			<color>#ff7f00</color>
		</wall>
		<wall id="E426FF1F-01FA-475A-B47D-8A0EA5E1B51D">
			<data>1202.0,2550.0,1357.0,2549.0</data>
			<color>#ff7f00</color>
		</wall>
		<wall id="6EA20AB0-5AFD-4588-9D4C-354A9B5E7666">
			<data>1439.0,2549.0,1503.0,2550.0</data>
			<color>#ff7f00</color>
		</wall>
		<wall id="A5310D14-37B3-4468-87D3-1E5DF7E16257">
			<data>1582.0,2550.0,1750.0,2550.0,1753.0,2805.0</data>
			<color>#ff7f00</color>
		</wall>
		<wall id="7759435E-A94E-4EC3-8AF5-ECC8331B799E">
			<data>1476.0,2806.0,1471.0,2551.0</data>
			<color>#ff7f00</color>
		</wall>
		<wall id="B4345C7B-4C2A-4CC5-8CAB-36DDA2DB956B">
			<data>1613.0,2405.0,1609.0,1993.0</data>
			<color>#ff7f00</color>
		</wall>
		<wall id="2D649AEF-E126-44DF-B246-C1C45748ACBA">
			<data>2175.0,2273.0,1878.0,2268.0,1880.0,2537.0,2146.0,2538.0,2148.0,2388.0</data>
			<color>#ff7f00</color>
		</wall>
		<wall id="DB393C80-198A-40DD-9794-EF5412ABA648">
			<data>2255.0,2271.0,2553.0,2269.0,2551.0,2401.0</data>
			<color>#ff7f00</color>
		</wall>
		<wall id="12FE813F-608D-4B40-9F64-40DDD4AF5810">
			<data>2277.0,2270.0,2278.0,2402.0,2305.0,2402.0</data>
			<color>#ff7f00</color>
		</wall>
		<wall id="1B1CA1B5-ED58-45BA-82FC-B26198C9E6B2">
			<data>2388.0,2400.0,2439.0,2400.0</data>
			<color>#ff7f00</color>
		</wall>
		<wall id="FC294201-32FE-4B50-A8C7-B2CF60B49FD5">
			<data>2524.0,2401.0,2577.0,2402.0</data>
			<color>#ff7f00</color>
		</wall>
		<wall id="A449A208-F5A6-4588-A8FC-E5915D0D5424">
			<data>2675.0,1999.0,2684.0,2399.0,2655.0,2398.0</data>
			<color>#ff7f00</color>
		</wall>
		<wall id="E0B3A401-78C8-4C96-AA88-C24C48D29CE5">
			<data>2684.0,2399.0,2701.0,2399.0</data>
			<color>#ff7f00</color>
		</wall>
		<wall id="802FD206-0B78-449C-BB0D-6DC3F52B0369">
			<data>2319.0,2549.0,2282.0,2551.0,2281.0,2804.0</data>
			<color>#ff7f00</color>
		</wall>
		<wall id="56548A96-C60D-4800-B03B-852F5CF42098">
			<data>2398.0,2547.0,2586.0,2547.0</data>
			<color>#ff7f00</color>
		</wall>
		<wall id="0E7D2B89-7D30-4A21-8CB5-9C4C1CD78364">
			<data>2663.0,2550.0,2818.0,2550.0,2816.0,2790.0</data>
			<color>#ff7f00</color>
		</wall>
		<wall id="67970940-186C-4CB2-ACE8-0746A1ED88A0">
			<data>2777.0,2403.0,2958.0,2401.0,2953.0,2047.0</data>
			<color>#ff7f00</color>
		</wall>
		<wall id="8CFD581F-0E33-49A0-B40F-2DE3A6683159">
			<data>2818.0,2566.0,2819.0,2530.0</data>
			<color>#ff7f00</color>
		</wall>
		<wall id="B8B4690A-E4A3-48BB-9FA0-CB9E96546FD8">
			<data>2815.0,2404.0,2817.0,2449.0</data>
			<color>#ff7f00</color>
		</wall>
		<wall id="8884B6FA-FAEB-40D8-8ABB-64ECB9123CEA">
			<data>2416.0,2273.0,2412.0,1993.0</data>
			<color>#ff7f00</color>
		</wall>
		<wall id="0103BF1B-CADE-4FD2-97AE-A4B53CAFC0B4">
			<data>2013.0,2274.0,2012.0,1994.0</data>
			<color>#ff7f00</color>
		</wall>
		<wall id="EE3FFA50-4072-4BC1-B285-412355362F6D">
			<data>2553.0,2804.0,2550.0,2548.0</data>
			<color>#ff7f00</color>
		</wall>
		<wall id="8C6B716D-7EEC-49C5-859B-23E31120010F">
			<data>2819.0,2530.0,2817.0,2449.0</data>
			<color>#00ffff</color>
			<type>door</type>
		</wall>
		<wall id="6C54EF1D-6043-448A-85F8-BA9563F86E66">
			<data>2663.0,2550.0,2586.0,2547.0</data>
			<color>#00ffff</color>
			<type>door</type>
		</wall>
		<wall id="978E3051-CB5D-4A69-B339-24C37496C575">
			<data>2577.0,2402.0,2655.0,2398.0</data>
			<color>#00ffff</color>
			<type>door</type>
		</wall>
		<wall id="61C56D26-9DB3-4B6C-9074-B4A1EDAC067F">
			<data>2701.0,2399.0,2777.0,2403.0</data>
			<color>#00ffff</color>
			<type>door</type>
		</wall>
		<wall id="A87028FC-42CF-40D3-B30D-0302FBBF55D5">
			<data>2524.0,2401.0,2439.0,2400.0</data>
			<color>#00ffff</color>
			<type>door</type>
		</wall>
		<wall id="9631C642-D350-4E1F-B4E8-DB86A0548BF5">
			<data>2398.0,2547.0,2319.0,2549.0</data>
			<color>#00ffff</color>
			<type>door</type>
		</wall>
		<wall id="D7D8172A-E751-4D96-9EB5-6546C0E2996B">
			<data>2388.0,2400.0,2305.0,2402.0</data>
			<color>#00ffff</color>
			<type>door</type>
		</wall>
		<wall id="D0C4255E-34FF-4E38-90C1-BA8FCA0844EB">
			<data>2175.0,2273.0,2255.0,2271.0</data>
			<color>#00ffff</color>
			<type>door</type>
		</wall>
		<wall id="A8051D74-7448-4BD0-B626-8CD8496FD7A8">
			<data>1771.0,2403.0,1852.0,2401.0</data>
			<color>#00ffff</color>
			<type>door</type>
		</wall>
		<wall id="2B1958EF-828B-48E6-BDEF-9D5090CF31F7">
			<data>1582.0,2550.0,1503.0,2550.0</data>
			<color>#00ffff</color>
			<type>door</type>
		</wall>
		<wall id="285D4231-19AE-4555-9C58-69A1DCFA4B6E">
			<data>1500.0,2401.0,1580.0,2403.0</data>
			<color>#00ffff</color>
			<type>door</type>
		</wall>
		<wall id="0CDC080D-5B8E-43BB-A18C-9DB84B76AE9E">
			<data>1439.0,2549.0,1357.0,2549.0</data>
			<color>#00ffff</color>
			<type>door</type>
		</wall>
		<wall id="2B111ED7-6B53-4AFD-8453-7F55EE07A20A">
			<data>1202.0,2526.0,1201.0,2453.0</data>
			<color>#00ffff</color>
			<type>door</type>
		</wall>
		<wall id="76F0E764-11B4-46A6-9A8B-6676FD3A2B89">
			<data>1247.0,2399.0,1329.0,2402.0</data>
			<color>#00ffff</color>
			<type>door</type>
		</wall>
		<wall id="494E4A9F-C656-46A5-98E7-828BF5261084">
			<data>1247.0,1996.0,1318.0,1994.0</data>
			<color>#ff00ff</color>
			<type>invisible</type>
		</wall>
		<wall id="A9DAA5E3-42DD-433D-86DB-C4E6B3830D21">
			<data>1017.0,1993.0,946.0,1994.0</data>
			<color>#ff00ff</color>
			<type>invisible</type>
		</wall>
		<wall id="A0B1C0E9-07C5-477A-A2AE-1F522814C39F">
			<data>1520.0,1997.0,1589.0,1993.0</data>
			<color>#ff00ff</color>
			<type>invisible</type>
		</wall>
		<wall id="D81DD6A7-FD8D-408B-880F-875E261C02F7">
			<data>1845.0,1996.0,1919.0,1994.0</data>
			<color>#ff00ff</color>
			<type>invisible</type>
		</wall>
		<wall id="2E5CC261-A157-4B47-A819-41BC3376CC66">
			<data>2146.0,1994.0,2218.0,1992.0</data>
			<color>#ff00ff</color>
			<type>invisible</type>
		</wall>
		<wall id="F5BFB336-AFF1-41D8-BADC-BC5BC5F3D6F2">
			<data>940.0,2799.0,1018.0,2805.0</data>
			<color>#ff00ff</color>
			<type>invisible</type>
		</wall>
		<wall id="D2A3252A-A796-4E9D-8405-6B9970C311F0">
			<data>1241.0,2803.0,1318.0,2806.0</data>
			<color>#ff00ff</color>
			<type>invisible</type>
		</wall>
		<wall id="777E799B-1D9F-4F6B-8790-21E085730470">
			<data>1544.0,2803.0,1618.0,2805.0</data>
			<color>#ff00ff</color>
			<type>invisible</type>
		</wall>
		<wall id="C14A31E8-F735-47C2-B98F-F720C529A38A">
			<data>1843.0,2804.0,1919.0,2805.0</data>
			<color>#ff00ff</color>
			<type>invisible</type>
		</wall>
		<wall id="B0BE0A0E-C3A1-478B-AD29-E36976B5F2C5">
			<data>2139.0,2803.0,2215.0,2805.0</data>
			<color>#ff00ff</color>
			<type>invisible</type>
		</wall>
		<wall id="0AF0C95E-5E4A-49D8-821C-CF8617B741C4">
			<data>2444.0,1993.0,2516.0,1994.0</data>
			<color>#ff00ff</color>
			<type>invisible</type>
		</wall>
		<wall id="3A9C6A40-2338-401B-AEB7-E79BED465A46">
			<data>2443.0,2802.0,2518.0,2803.0</data>
			<color>#ff00ff</color>
			<type>invisible</type>
		</wall>
		<wall id="BDC8F8A6-E206-4AE7-8A66-C4510BF0773B">
			<data>2706.0,2803.0,2782.0,2794.0</data>
			<color>#ff00ff</color>
			<type>invisible</type>
		</wall>
		<wall id="AFA56829-9238-4F7B-B421-90157E55A440">
			<data>3130.0,2694.0,3197.0,2658.0</data>
			<color>#ff00ff</color>
			<type>invisible</type>
		</wall>
		<wall id="E305CFFA-19B9-4C3D-9A1C-CCA80FA524CE">
			<data>2710.0,1998.0,2782.0,2004.0</data>
			<color>#ff00ff</color>
			<type>invisible</type>
		</wall>
		<wall id="142E76D3-0790-4BA9-8C6E-71FB7F55DB7A">
			<data>3134.0,2132.0,3199.0,2168.0</data>
			<color>#ff00ff</color>
			<type>invisible</type>
		</wall>
	</map>
</module>