<?xml version="1.0" encoding="utf-8" standalone="no"?>
<module id="ef584cfe-2ae7-48e3-a93b-4b9c767a0381">
	<name>Guide to Neverwinter</name>
	<description>A guide for crafting adventures in the magical city of Neverwinter.</description>
	<slug>guide-to-neverwinter</slug>
	<author>Jacob Johnston</author>
	<code></code>
	<category>adventure</category>
	<image>Cover.jpg</image>
	<map id="5F007672-2131-4AD5-9766-C8D019C3C8EB" sort="11">
		<name>City Map 1 Night</name>
		<slug>city-map-1-night</slug>
		<description></description>
		<gridSize>96</gridSize>
		<gridOffsetX>3</gridOffsetX>
		<gridOffsetY>49</gridOffsetY>
		<gridColor>#cccccc</gridColor>
		<gridVisible>NO</gridVisible>
		<gridScale>5.0</gridScale>
		<gridUnits>ft</gridUnits>
		<gridType>square</gridType>
		<gridStyle>solid</gridStyle>
		<gridOpacity>1.0</gridOpacity>
		<scale>1.0</scale>
		<fogOfWar>YES</fogOfWar>
		<fogExploration>YES</fogExploration>
		<lineOfSight>YES</lineOfSight>
		<losDaylight>1.0</losDaylight>
		<losVisionLimit>-1</losVisionLimit>
		<dmDarkness>0.6</dmDarkness>
		<width>3840</width>
		<height>2160</height>
		<image>city-map-1-night_VpBEUJ.jpg</image>
		<video></video>
		<canvas></canvas>
		<snapshot></snapshot>
		<fog>city-map-1-night-fog_5F0076.png</fog>
		<floor>city-map-1-night-floors_5F0076.png</floor>
		<wall id="4B20178D-E5DE-4007-9AD4-AC295832CEC8">
			<data>47.0,805.0,552.0,804.0,549.0,369.0,863.0,367.0,859.0,808.0,1355.0,805.0,1352.0,362.0,1443.0,361.0,1443.0,121.0,1515.0,121.0,1591.0,84.0,1634.0,40.0</data>
			<color>#ffff00</color>
			<type>terrain</type>
		</wall>
		<wall id="2B93113D-54F6-461E-AB2C-8AA6B0E31BB0">
			<data>46.0,1631.0,476.0,1629.0,477.0,1815.0,690.0,1821.0,692.0,2115.0</data>
			<color>#ffff00</color>
			<type>terrain</type>
		</wall>
		<wall id="2DE69166-111C-4D42-88F9-689CF22374A7">
			<data>2866.0,2115.0,2064.0,2120.0,2067.0,1834.0,1613.0,1829.0,1614.0,1722.0,1492.0,1719.0,1491.0,1259.0,1610.0,1259.0,1612.0,1160.0,2739.0,1158.0,2743.0,1256.0,2862.0,1255.0,2866.0,2115.0</data>
			<color>#ffff00</color>
			<type>terrain</type>
		</wall>
		<wall id="43ADC6B6-674F-4428-AB35-C22874F198DB">
			<data>3800.0,1143.0,3263.0,1138.0,3266.0,2105.0,3150.0,2105.0,3152.0,2124.0</data>
			<color>#ffff00</color>
			<type>terrain</type>
		</wall>
		<wall id="C1F8FD5C-C91B-43DC-BB00-AF2CC5CB4E2E">
			<data>3802.0,41.0,3305.0,46.0,3305.0,106.0,3005.0,108.0,3006.0,788.0,3801.0,788.0</data>
			<color>#ffff00</color>
			<type>terrain</type>
		</wall>
		<wall id="22472426-D148-43F9-AF68-5F38B5FF8A83">
			<data>738.0,1022.0,734.0,1036.0,724.0,1046.0,710.0,1050.0,696.0,1046.0,686.0,1036.0,682.0,1022.0,686.0,1008.0,696.0,998.0,710.0,994.0,724.0,998.0,734.0,1008.0,738.0,1022.0</data>
			<color>#ffff00</color>
			<type>terrain</type>
		</wall>
		<wall id="5D44767E-0608-4AF0-B2CE-A66C6A48D0C8">
			<data>893.0,1029.0,890.0,1042.0,880.0,1051.0,867.0,1055.0,854.0,1051.0,844.0,1042.0,841.0,1029.0,844.0,1015.0,854.0,1006.0,867.0,1002.0,880.0,1006.0,890.0,1015.0,893.0,1029.0</data>
			<color>#ffff00</color>
			<type>terrain</type>
		</wall>
		<wall id="11E499D9-EFC6-45C9-9AC9-D06526A8FBBE">
			<data>587.0,1027.0,583.0,1043.0,571.0,1055.0,554.0,1060.0,538.0,1055.0,526.0,1043.0,522.0,1027.0,526.0,1010.0,538.0,998.0,554.0,994.0,571.0,998.0,583.0,1010.0,587.0,1027.0</data>
			<color>#ffff00</color>
			<type>terrain</type>
		</wall>
		<wall id="496A8206-9B8C-4A40-9ECE-A738F2B7BDA0">
			<data>1711.0,323.0,1707.0,341.0,1693.0,355.0,1675.0,359.0,1657.0,355.0,1644.0,341.0,1639.0,323.0,1644.0,305.0,1657.0,292.0,1675.0,287.0,1693.0,292.0,1707.0,305.0,1711.0,323.0</data>
			<color>#ffff00</color>
			<type>terrain</type>
		</wall>
		<wall id="6CF3894F-C555-4BE4-9645-A29F2FAC1B0D">
			<data>2813.0,495.0,2809.0,512.0,2796.0,524.0,2779.0,529.0,2762.0,524.0,2750.0,512.0,2746.0,495.0,2750.0,478.0,2762.0,466.0,2779.0,461.0,2796.0,466.0,2809.0,478.0,2813.0,495.0</data>
			<color>#ffff00</color>
			<type>terrain</type>
		</wall>
	</map>
</module>