<?xml version="1.0" encoding="utf-8" standalone="no"?>
<module id="ef584cfe-2ae7-48e3-a93b-4b9c767a0381">
	<name>Guide to Neverwinter</name>
	<description>A guide for crafting adventures in the magical city of Neverwinter.</description>
	<slug>guide-to-neverwinter</slug>
	<author>Jacob Johnston</author>
	<code></code>
	<category>adventure</category>
	<image>Cover.jpg</image>
	<map id="73E1EEF3-5E78-46DD-9242-483A77D066A1" sort="11">
		<name>City Map 2</name>
		<slug>city-map-2</slug>
		<description></description>
		<gridSize>96</gridSize>
		<gridOffsetX>3</gridOffsetX>
		<gridOffsetY>49</gridOffsetY>
		<gridColor>#cccccc</gridColor>
		<gridVisible>NO</gridVisible>
		<gridScale>5.0</gridScale>
		<gridUnits>ft</gridUnits>
		<gridType>square</gridType>
		<gridStyle>solid</gridStyle>
		<gridOpacity>1.0</gridOpacity>
		<scale>1.0</scale>
		<fogOfWar>YES</fogOfWar>
		<fogExploration>YES</fogExploration>
		<lineOfSight>YES</lineOfSight>
		<losDaylight>1.0</losDaylight>
		<losVisionLimit>-1</losVisionLimit>
		<dmDarkness>0.6</dmDarkness>
		<width>3840</width>
		<height>2160</height>
		<image>city-map-2_QntghF.jpg</image>
		<video></video>
		<canvas></canvas>
		<snapshot></snapshot>
		<fog>city-map-2-fog_73E1EE.png</fog>
		<floor>city-map-2-floors_73E1EE.png</floor>
		<wall id="F202287B-12C1-47C2-8AC8-CC2FE35DE59A">
			<data>42.0,1184.0,503.0,1184.0,505.0,1065.0,621.0,1067.0</data>
			<color>#ffff00</color>
			<type>terrain</type>
		</wall>
		<wall id="CBB4A59D-A892-4344-89C4-91052798955E">
			<data>621.0,1067.0,620.0,614.0,1072.0,611.0,1074.0,37.0</data>
			<color>#ffff00</color>
			<type>terrain</type>
		</wall>
		<wall id="8DAC3E76-2CA5-4E96-9B5B-A55B456F89F8">
			<data>1346.0,46.0,1338.0,774.0,2090.0,771.0,2085.0,216.0,2023.0,217.0,2022.0,39.0</data>
			<color>#ffff00</color>
			<type>terrain</type>
		</wall>
		<wall id="8BF93AFF-EEAA-4922-8797-2152341E2184">
			<data>2156.0,44.0,2133.0,92.0,2153.0,190.0,2219.0,288.0,2308.0,341.0,2380.0,349.0,2385.0,601.0,3806.0,602.0</data>
			<color>#ffff00</color>
			<type>terrain</type>
		</wall>
		<wall id="CA0C63F2-3847-4BCE-B4E3-3486B40D7FC6">
			<data>3797.0,871.0,3074.0,868.0,3065.0,1759.0,3186.0,1761.0,3188.0,1801.0,2989.0,1802.0,2992.0,2121.0</data>
			<color>#ffff00</color>
			<type>terrain</type>
		</wall>
		<wall id="D47158B0-44F6-4D4C-AC2C-4284CDA04058">
			<data>2777.0,2122.0,2776.0,1503.0,1926.0,1508.0,1925.0,1415.0,1055.0,1410.0,1052.0,2117.0</data>
			<color>#ffff00</color>
			<type>terrain</type>
		</wall>
		<wall id="B5B540E8-4ED3-483F-B161-B2AF24AE0BD0">
			<data>40.0,1625.0,594.0,1627.0,596.0,2038.0,661.0,2068.0,707.0,2123.0</data>
			<color>#ffff00</color>
			<type>terrain</type>
		</wall>
		<wall id="A633B471-E6BA-46B3-8F1C-0517FD67E498">
			<data>987.0,883.0,982.0,900.0,970.0,913.0,952.0,918.0,935.0,913.0,922.0,900.0,917.0,883.0,922.0,866.0,935.0,853.0,952.0,848.0,970.0,853.0,982.0,866.0,987.0,883.0</data>
			<color>#ffff00</color>
			<type>terrain</type>
		</wall>
	</map>
</module>