<?xml version="1.0" encoding="utf-8" standalone="no"?>
<module id="ef584cfe-2ae7-48e3-a93b-4b9c767a0381">
	<name>Guide to Neverwinter</name>
	<description>A guide for crafting adventures in the magical city of Neverwinter.</description>
	<slug>guide-to-neverwinter</slug>
	<author>Jacob Johnston</author>
	<code></code>
	<category>adventure</category>
	<image>Cover.jpg</image>
	<encounter id="1D9339DF-70BE-4A49-B4DB-45D8C9D1B439">
		<name>Wererat Encounter</name>
		<slug>wererat-encounter</slug>
		<combatant>
			<label>W1</label>
			<x>920</x>
			<y>1999</y>
			<monster ref="/monster/wererat-assassin" />
		</combatant>
		<combatant>
			<label>W2</label>
			<x>1136</x>
			<y>2107</y>
			<monster ref="/monster/wererat-assassin" />
		</combatant>
		<combatant>
			<label>E1</label>
			<x>1028</x>
			<y>2107</y>
			<monster ref="/monster/wererat-mage" />
		</combatant>
	</encounter>
</module>