<?xml version="1.0" encoding="utf-8" standalone="no"?>
<module id="ef584cfe-2ae7-48e3-a93b-4b9c767a0381">
	<name>Guide to Neverwinter</name>
	<description>A guide for crafting adventures in the magical city of Neverwinter.</description>
	<slug>guide-to-neverwinter</slug>
	<author>Jacob Johnston</author>
	<code></code>
	<category>adventure</category>
	<image>Cover.jpg</image>
	<map id="4491af61-63df-54e7-b3a1-5ad725bc4190" parent="652241ca-6c91-52d4-9dc5-07b867c961f3">
		<name>Abandoned Townhouse</name>
		<slug>abandoned-townhouse-map</slug>
		<description></description>
		<gridSize>108</gridSize>
		<gridOffsetX>2</gridOffsetX>
		<gridOffsetY>1</gridOffsetY>
		<gridColor>#cccccc</gridColor>
		<gridVisible>NO</gridVisible>
		<gridScale>5.0</gridScale>
		<gridUnits>ft</gridUnits>
		<gridType>square</gridType>
		<gridStyle>solid</gridStyle>
		<gridOpacity>1.0</gridOpacity>
		<scale>1.0</scale>
		<fogOfWar>YES</fogOfWar>
		<fogExploration>YES</fogExploration>
		<lineOfSight>YES</lineOfSight>
		<losDaylight>0.0</losDaylight>
		<losVisionLimit>-1</losVisionLimit>
		<dmDarkness>0.6</dmDarkness>
		<width>3840</width>
		<height>2160</height>
		<image>new-map_Nd4MPy.jpg</image>
		<video></video>
		<canvas></canvas>
		<snapshot></snapshot>
		<fog></fog>
		<floor>new-map-floors_C83BE1.png</floor>
		<marker>
			<name>Party Start</name>
			<color>#268bd2</color>
			<shape>pin</shape>
			<size>medium</size>
			<hidden>YES</hidden>
			<locked>NO</locked>
			<x>1085</x>
			<y>2126</y>
		</marker>
		<marker>
			<name>1. Townhouse Exterior</name>
			<color>#073642</color>
			<shape>marker</shape>
			<size>medium</size>
			<hidden>YES</hidden>
			<locked>NO</locked>
			<x>718</x>
			<y>1993</y>
			<content ref="/page/1-townhouse-exterior" />
		</marker>
		<marker>
			<name>2. Dining &amp; Living Room</name>
			<color>#073642</color>
			<shape>marker</shape>
			<size>medium</size>
			<hidden>YES</hidden>
			<locked>NO</locked>
			<x>711</x>
			<y>852</y>
			<content ref="/page/2-dining-and-living-room" />
		</marker>
		<marker>
			<name>3. Kitchen</name>
			<color>#073642</color>
			<shape>marker</shape>
			<size>medium</size>
			<hidden>YES</hidden>
			<locked>NO</locked>
			<x>1337</x>
			<y>990</y>
			<content ref="/page/3-kitchen" />
		</marker>
		<marker>
			<name>4. Study</name>
			<color>#073642</color>
			<shape>marker</shape>
			<size>medium</size>
			<hidden>YES</hidden>
			<locked>NO</locked>
			<x>2622</x>
			<y>600</y>
			<content ref="/page/4-study" />
		</marker>
		<marker>
			<name>5. Bedroom</name>
			<color>#073642</color>
			<shape>marker</shape>
			<size>medium</size>
			<hidden>YES</hidden>
			<locked>NO</locked>
			<x>2665</x>
			<y>1309</y>
			<content ref="/page/5-bedroom" />
		</marker>
		<wall id="A421189F-299B-4442-97A9-A88B261CBEEC">
			<data>977.0,1857.0,865.0,1855.0</data>
			<color>#ff7f00</color>
			<generated>YES</generated>
		</wall>
		<wall id="66922E7E-D0E6-44CE-957F-3E132019F1CE">
			<data>759.0,1856.0,631.0,1854.0,632.0,1648.0,302.0,1644.0,305.0,1406.0</data>
			<color>#ff7f00</color>
			<generated>YES</generated>
		</wall>
		<wall id="BFC41525-DD5A-4702-ACEC-19995AB704D6">
			<data>299.0,1297.0,299.0,433.0</data>
			<color>#ff7f00</color>
			<generated>YES</generated>
		</wall>
		<wall id="B8D9A8F4-A15E-4737-A26D-0F1D133D0412">
			<data>299.0,325.0,299.0,82.0,650.0,82.0</data>
			<color>#ff7f00</color>
			<generated>YES</generated>
		</wall>
		<wall id="7F6A8639-BBC4-46FC-A7C7-34863DC32B38">
			<data>758.0,82.0,1100.0,86.0,1100.0,190.0,1649.0,190.0,1649.0,973.0</data>
			<color>#ff7f00</color>
			<generated>YES</generated>
		</wall>
		<wall id="34D9E713-FB3A-4AD8-816C-51000E32392F">
			<data>1649.0,1081.0,1649.0,1621.0,1622.0,1648.0,1529.0,1647.0,1532.0,1855.0,1411.0,1856.0</data>
			<color>#ff7f00</color>
			<generated>YES</generated>
		</wall>
		<wall id="621EE156-E490-41E3-9D77-EB1992AF7955">
			<data>1302.0,1857.0,1191.0,1857.0</data>
			<color>#ff7f00</color>
			<generated>YES</generated>
		</wall>
		<wall id="489D400A-3734-4990-BEB6-616C433CBD85">
			<data>1091.0,1080.0,1094.0,661.0,1649.0,660.0</data>
			<color>#ff7f00</color>
			<generated>YES</generated>
		</wall>
		<wall id="4A1579D3-35E5-40A2-A624-43DC74AA8081">
			<data>1092.0,1189.0,1092.0,1529.0,1648.0,1531.0</data>
			<color>#ff7f00</color>
			<generated>YES</generated>
		</wall>
		<wall id="31F7F0B8-660E-46F7-B6AB-EA386D648E16">
			<data>1091.0,1297.0,1190.0,1297.0</data>
			<color>#ff7f00</color>
			<generated>YES</generated>
		</wall>
		<wall id="3AD48772-9EAC-4F9E-B000-BA4592C9DF58">
			<data>1298.0,1297.0,1649.0,1297.0</data>
			<color>#ff7f00</color>
			<generated>YES</generated>
		</wall>
		<wall id="C8E68C1F-F3F0-4B50-BE1C-E1C1953B7F45">
			<data>299.0,865.0,542.0,865.0</data>
			<color>#ff7f00</color>
			<generated>YES</generated>
		</wall>
		<wall id="545CC46F-4C62-4B63-B936-9F9594B94A13">
			<data>866.0,865.0,1090.0,865.0</data>
			<color>#ff7f00</color>
			<generated>YES</generated>
		</wall>
		<wall id="B84DFD27-7C5A-4A74-AC08-EC47AFEE11DE">
			<data>1433.0,433.0,1099.0,431.0,1100.0,190.0</data>
			<color>#ff7f00</color>
			<generated>YES</generated>
		</wall>
		<wall id="3826C970-33A5-4F6F-8AA3-24B94FBD24FB">
			<data>2702.0,190.0,3485.0,190.0,3484.0,988.0,3259.0,988.0</data>
			<color>#ff7f00</color>
			<generated>YES</generated>
		</wall>
		<wall id="63AA5433-0CEB-4674-9D5B-103FE92D124B">
			<data>3145.0,990.0,3050.0,988.0,3053.0,1189.0</data>
			<color>#ff7f00</color>
			<generated>YES</generated>
		</wall>
		<wall id="65BF7F20-EAFF-457F-86C1-64C4EB756481">
			<data>3053.0,1297.0,3053.0,1513.0</data>
			<color>#ff7f00</color>
			<generated>YES</generated>
		</wall>
		<wall id="65999A5B-7121-415E-8208-D2E9ABA699AD">
			<data>3053.0,1621.0,3053.0,1756.0,2918.0,1756.0</data>
			<color>#ff7f00</color>
			<generated>YES</generated>
		</wall>
		<wall id="4B0FC8BB-E9EE-452A-A74B-319A9B8DF7FE">
			<data>2810.0,1756.0,2486.0,1756.0</data>
			<color>#ff7f00</color>
			<generated>YES</generated>
		</wall>
		<wall id="7F01A416-3824-4C57-8E50-FA1E9D9E2862">
			<data>2378.0,1756.0,2250.0,1754.0,2251.0,1614.0</data>
			<color>#ff7f00</color>
			<generated>YES</generated>
		</wall>
		<wall id="757A88D8-D4F5-483D-B832-FE3ED0AADA93">
			<data>2252.0,1507.0,2250.0,865.0</data>
			<color>#ff7f00</color>
			<generated>YES</generated>
		</wall>
		<wall id="08C5EA45-5E4A-4C57-867C-E84D853FB21E">
			<data>2252.0,756.0,2256.0,432.0</data>
			<color>#ff7f00</color>
			<generated>YES</generated>
		</wall>
		<wall id="B25DEA1E-6989-402E-828D-A555DA96C254">
			<data>2252.0,324.0,2253.0,194.0,2594.0,190.0</data>
			<color>#ff7f00</color>
			<generated>YES</generated>
		</wall>
		<wall id="8E7F7CA0-5771-4778-BFC1-02589F66120D">
			<data>2252.0,984.0,2595.0,981.0</data>
			<color>#ff7f00</color>
			<generated>YES</generated>
		</wall>
		<wall id="ACCC5EBD-FF46-4034-8B4F-69DB4F6338F8">
			<data>2703.0,981.0,3050.0,988.0</data>
			<color>#ff7f00</color>
			<generated>YES</generated>
		</wall>
		<wall id="F78E2FF3-17B8-4107-9928-77D3552AD964">
			<data>3269.0,433.0,2918.0,433.0,2918.0,649.0,3485.0,649.0</data>
			<color>#ff7f00</color>
			<generated>YES</generated>
		</wall>
		<wall id="E485A988-DB5E-403E-B41A-24867177F5A8">
			<data>2918.0,649.0,2918.0,865.0</data>
			<color>#ff7f00</color>
			<generated>YES</generated>
		</wall>
		<wall id="51F7E9AD-9843-4EA4-AFC8-E279E622E0D5">
			<data>2594.0,190.0,2702.0,190.0</data>
			<color>#ff00ff</color>
			<type>invisible</type>
			<generated>YES</generated>
		</wall>
		<wall id="C1C2AE1E-4C68-4E7C-B97B-5EE20BDFB52D">
			<data>2252.0,324.0,2256.0,432.0</data>
			<color>#ff00ff</color>
			<type>invisible</type>
			<generated>YES</generated>
		</wall>
		<wall id="6335D234-2D80-4620-812B-414A7F1C4B6D">
			<data>2252.0,756.0,2250.0,865.0</data>
			<color>#ff00ff</color>
			<type>invisible</type>
			<generated>YES</generated>
		</wall>
		<wall id="F2FB7021-803E-4AE1-90E3-57797ACA26CB">
			<data>3145.0,990.0,3259.0,988.0</data>
			<color>#ff00ff</color>
			<type>invisible</type>
			<generated>YES</generated>
		</wall>
		<wall id="931D7BE4-0161-497E-9CA9-AFF64DF99340">
			<data>3053.0,1513.0,3053.0,1621.0</data>
			<color>#ff00ff</color>
			<type>invisible</type>
			<generated>YES</generated>
		</wall>
		<wall id="2C4D9C5B-E4E2-488D-90A0-E4F92A49D119">
			<data>2918.0,1756.0,2810.0,1756.0</data>
			<color>#ff00ff</color>
			<type>invisible</type>
			<generated>YES</generated>
		</wall>
		<wall id="E59678D4-26D1-4133-B2C2-98DD3DA496F5">
			<data>2486.0,1756.0,2378.0,1756.0</data>
			<color>#ff00ff</color>
			<type>invisible</type>
			<generated>YES</generated>
		</wall>
		<wall id="1E804C6C-FB14-45B9-A98C-4136C010EE0F">
			<data>2251.0,1614.0,2252.0,1507.0</data>
			<color>#ff00ff</color>
			<type>invisible</type>
			<generated>YES</generated>
		</wall>
		<wall id="0951F7AF-4F19-4C60-9AE1-47DC66316B38">
			<data>1302.0,1857.0,1411.0,1856.0</data>
			<color>#ff00ff</color>
			<type>invisible</type>
			<generated>YES</generated>
		</wall>
		<wall id="A3DA14D0-35D5-4685-A823-23426B2C2D74">
			<data>865.0,1855.0,759.0,1856.0</data>
			<color>#ff00ff</color>
			<type>invisible</type>
			<generated>YES</generated>
		</wall>
		<wall id="6A9FA2B2-49C0-451D-9533-3C5EF29F4CA5">
			<data>305.0,1406.0,299.0,1297.0</data>
			<color>#ff00ff</color>
			<type>invisible</type>
			<generated>YES</generated>
		</wall>
		<wall id="99508600-7F93-43B6-9B21-8696AF76A6C6">
			<data>1649.0,973.0,1649.0,1081.0</data>
			<color>#ff00ff</color>
			<type>invisible</type>
			<generated>YES</generated>
		</wall>
		<wall id="1BDE265C-35A2-41F4-A6E1-C35A22BD0D3B">
			<data>650.0,82.0,758.0,82.0</data>
			<color>#ff00ff</color>
			<type>invisible</type>
			<generated>YES</generated>
		</wall>
		<wall id="D7F6743A-E563-48CA-BAB5-D8788F114B43">
			<data>299.0,325.0,299.0,433.0</data>
			<color>#ff00ff</color>
			<type>invisible</type>
			<generated>YES</generated>
		</wall>
		<wall id="861B2C69-75F4-4DEA-9F2C-1A82B5269CF8">
			<data>977.0,1857.0,1191.0,1857.0</data>
			<color>#00ffff</color>
			<type>door</type>
			<generated>YES</generated>
		</wall>
		<wall id="F5A50EA6-ABE6-4A7B-A3A5-AFD41D3B4329">
			<data>1190.0,1297.0,1298.0,1297.0</data>
			<color>#00ffff</color>
			<type>door</type>
			<generated>YES</generated>
		</wall>
		<wall id="FC43BD8F-EA43-4FEB-94DF-9D6E6DD1ABC6">
			<data>1092.0,1189.0,1091.0,1080.0</data>
			<color>#00ffff</color>
			<type>door</type>
			<generated>YES</generated>
		</wall>
		<wall id="59AB03E5-A031-4BBA-A5E6-4F30C1A2CEE9">
			<data>3053.0,1297.0,3053.0,1189.0</data>
			<color>#00ffff</color>
			<type>door</type>
			<generated>YES</generated>
		</wall>
		<wall id="3B7A285A-21AB-4F2C-A1B0-D6FD13CA0970">
			<data>2595.0,981.0,2703.0,981.0</data>
			<color>#00ffff</color>
			<type>door</type>
			<generated>YES</generated>
		</wall>
		<wall id="B04062F1-AC92-4603-B7F4-F601A922C627">
			<data>2918.0,865.0,2921.0,985.0</data>
			<color>#00ffff</color>
			<type>door</type>
			<generated>YES</generated>
		</wall>
		<wall id="79D45D16-59C8-42D1-AA2A-6D19FAB0266C">
			<data>3050.0,1718.0,3449.0,1717.0,3450.0,989.0</data>
			<color>#ff00ff</color>
			<type>invisible</type>
			<generated>YES</generated>
		</wall>
		<wall id="58AAD0C5-1BA9-4AD6-B92F-8C5ADAE2EF4E">
			<data>1841.0,2445.0,1841.0,1472.0,1840.0,713.0,1838.0,-171.0</data>
			<color>#ff7f00</color>
			<generated>YES</generated>
		</wall>
		<wall id="D08A39FF-4B5C-4596-888A-898E391735A5">
			<data>977.0,2122.0,-151.0,2121.0</data>
			<color>#ff00ff</color>
			<type>invisible</type>
			<generated>YES</generated>
		</wall>
		<wall id="DD5B0E67-C04B-4DDC-A8D8-B42551A4A83F">
			<data>1187.0,2121.0,2959.0,2120.0</data>
			<color>#ff00ff</color>
			<type>invisible</type>
			<generated>YES</generated>
		</wall>
		<wall id="CB997D72-F0A7-46B5-A5F2-ED03E145D08B">
			<data>3181.0,2118.0,3865.0,2118.0</data>
			<color>#ff00ff</color>
			<type>invisible</type>
			<generated>YES</generated>
		</wall>
	</map>
</module>