<?xml version="1.0" encoding="utf-8" standalone="no"?>
<module id="ef584cfe-2ae7-48e3-a93b-4b9c767a0381">
	<name>Guide to Neverwinter</name>
	<description>A guide for crafting adventures in the magical city of Neverwinter.</description>
	<slug>guide-to-neverwinter</slug>
	<author>Jacob Johnston</author>
	<code></code>
	<category>adventure</category>
	<image>Cover.jpg</image>
	<map id="98d81860-6085-5869-87cf-a187e6ebaa94" parent="d5f6238d-0950-5037-947d-032660ed5a15" sort="1">
		<name>Neverwinter</name>
		<slug>neverwinter-map</slug>
		<description></description>
		<gridSize>37</gridSize>
		<gridOffsetX>23</gridOffsetX>
		<gridOffsetY>31</gridOffsetY>
		<gridColor>#073642</gridColor>
		<gridVisible>NO</gridVisible>
		<gridScale>25.0</gridScale>
		<gridUnits>ft</gridUnits>
		<gridType>square</gridType>
		<gridStyle>solid</gridStyle>
		<gridOpacity>1.0</gridOpacity>
		<scale>0.9999999999999999</scale>
		<fogOfWar>NO</fogOfWar>
		<fogExploration>NO</fogExploration>
		<lineOfSight>NO</lineOfSight>
		<losDaylight>0.0</losDaylight>
		<losVisionLimit>-1</losVisionLimit>
		<dmDarkness>0.6</dmDarkness>
		<width>4969</width>
		<height>3840</height>
		<image>neverwinter_s2iIU4.jpg</image>
		<video></video>
		<canvas></canvas>
		<snapshot></snapshot>
		<fog></fog>
		<floor>neverwinter-floors_98d818.png</floor>
		<marker>
			<name>The Moonstone Mask</name>
			<color>#073642</color>
			<shape>marker</shape>
			<size>huge</size>
			<hidden>YES</hidden>
			<locked>NO</locked>
			<x>623</x>
			<y>2149</y>
			<content ref="/page/the-moonstone-mask" />
		</marker>
		<marker>
			<name>Castle Never</name>
			<color>#073642</color>
			<shape>marker</shape>
			<size>huge</size>
			<hidden>YES</hidden>
			<locked>NO</locked>
			<x>1345</x>
			<y>1857</y>
			<content ref="/page/castle-never" />
		</marker>
		<marker>
			<name>The Hall of Justice</name>
			<color>#073642</color>
			<shape>marker</shape>
			<size>huge</size>
			<hidden>YES</hidden>
			<locked>NO</locked>
			<x>1109</x>
			<y>2200</y>
			<content ref="/page/the-hall-of-justice" />
		</marker>
		<marker>
			<name>The House of Knowledge</name>
			<color>#073642</color>
			<shape>marker</shape>
			<size>huge</size>
			<hidden>YES</hidden>
			<locked>NO</locked>
			<x>2150</x>
			<y>1771</y>
			<content ref="/page/the-house-of-knowledge" />
		</marker>
		<marker>
			<name>Fisher’s Float</name>
			<color>#073642</color>
			<shape>marker</shape>
			<size>huge</size>
			<hidden>YES</hidden>
			<locked>NO</locked>
			<x>368</x>
			<y>3251</y>
			<content ref="/page/fishers-float" />
		</marker>
		<marker>
			<name>Pirates’ Skyhold</name>
			<color>#073642</color>
			<shape>marker</shape>
			<size>huge</size>
			<hidden>YES</hidden>
			<locked>NO</locked>
			<x>268</x>
			<y>614</y>
			<content ref="/page/pirates-skyhold" />
		</marker>
		<marker>
			<name>The Beached Leviathan</name>
			<color>#073642</color>
			<shape>marker</shape>
			<size>huge</size>
			<hidden>YES</hidden>
			<locked>NO</locked>
			<x>684</x>
			<y>1751</y>
			<content ref="/page/the-beached-leviathan" />
		</marker>
		<marker>
			<name>The Driftwood Tavern</name>
			<color>#073642</color>
			<shape>marker</shape>
			<size>huge</size>
			<hidden>YES</hidden>
			<locked>NO</locked>
			<x>813</x>
			<y>1685</y>
			<content ref="/page/the-driftwood-tavern" />
		</marker>
		<marker>
			<name>The Tarmalune Trade House</name>
			<color>#073642</color>
			<shape>marker</shape>
			<size>huge</size>
			<hidden>YES</hidden>
			<locked>NO</locked>
			<x>760</x>
			<y>2338</y>
			<content ref="/page/the-tarmalune-trade-house" />
		</marker>
		<marker>
			<name>The Shard of the Moon</name>
			<color>#073642</color>
			<shape>marker</shape>
			<size>huge</size>
			<hidden>YES</hidden>
			<locked>NO</locked>
			<x>2337</x>
			<y>635</y>
			<content ref="/page/the-shard-of-the-moon" />
		</marker>
		<marker>
			<name>The Cloak Tower</name>
			<color>#073642</color>
			<shape>marker</shape>
			<size>huge</size>
			<hidden>YES</hidden>
			<locked>NO</locked>
			<x>3809</x>
			<y>1085</y>
			<content ref="/page/the-cloak-tower" />
		</marker>
		<marker>
			<name>The Fallen Tower</name>
			<color>#073642</color>
			<shape>marker</shape>
			<size>huge</size>
			<hidden>YES</hidden>
			<locked>NO</locked>
			<x>2969</x>
			<y>844</y>
			<content ref="/page/the-fallen-tower" />
		</marker>
		<marker>
			<name>The Sealed Chasm</name>
			<color>#073642</color>
			<shape>marker</shape>
			<size>huge</size>
			<hidden>YES</hidden>
			<locked>NO</locked>
			<x>3677</x>
			<y>2151</y>
			<content ref="/page/the-sealed-chasm" />
		</marker>
		<marker>
			<name>Bluelake</name>
			<color>#073642</color>
			<shape>marker</shape>
			<size>huge</size>
			<hidden>YES</hidden>
			<locked>NO</locked>
			<x>1557</x>
			<y>1104</y>
			<content ref="/page/bluelake" />
		</marker>
		<marker>
			<name>House of a Thousand Faces</name>
			<color>#073642</color>
			<shape>marker</shape>
			<size>huge</size>
			<hidden>YES</hidden>
			<locked>NO</locked>
			<x>1719</x>
			<y>1327</y>
			<content ref="/page/house-of-a-thousand-faces" />
		</marker>
		<marker>
			<name>Neverdeath</name>
			<color>#073642</color>
			<shape>marker</shape>
			<size>huge</size>
			<hidden>YES</hidden>
			<locked>NO</locked>
			<x>2531</x>
			<y>2810</y>
			<content ref="/page/neverdeath" />
		</marker>
		<marker>
			<name>Brannur’s Dependable Defenses</name>
			<color>#073642</color>
			<shape>marker</shape>
			<size>huge</size>
			<hidden>YES</hidden>
			<locked>NO</locked>
			<x>3003</x>
			<y>2548</y>
			<content ref="/page/brannurs-dependable-defenses" />
		</marker>
		<marker>
			<name>Brannwyn’s Sharp Edge</name>
			<color>#073642</color>
			<shape>marker</shape>
			<size>huge</size>
			<hidden>YES</hidden>
			<locked>NO</locked>
			<x>3013</x>
			<y>2663</y>
			<content ref="/page/brannwyns-sharp-edge" />
		</marker>
		<marker>
			<name>Priscilla’s Perfumes and Potables</name>
			<color>#073642</color>
			<shape>marker</shape>
			<size>huge</size>
			<hidden>YES</hidden>
			<locked>NO</locked>
			<x>1453</x>
			<y>935</y>
			<content ref="/page/priscillas-perfumes-and-potables" />
		</marker>
		<marker>
			<name>Swift Heart Sundries</name>
			<color>#073642</color>
			<shape>marker</shape>
			<size>huge</size>
			<hidden>YES</hidden>
			<locked>NO</locked>
			<x>3036</x>
			<y>2142</y>
			<content ref="/page/swift-heart-sundries" />
		</marker>
		<marker>
			<name>Arcane Acquisitions</name>
			<color>#073642</color>
			<shape>marker</shape>
			<size>huge</size>
			<hidden>YES</hidden>
			<locked>NO</locked>
			<x>4435</x>
			<y>2228</y>
			<content ref="/page/arcane-acquisitions" />
		</marker>
	</map>
</module>